{"sensor":"color","white_r":0,"white_g":0,"white_b":0,"black_r":143,"black_g":157,"black_b":134,"cardboard_r":0.728322,"cardboard_g":0.650637,"cardboard_b":0.582089,"target_black_r":0.000000,"target_black_g":0.000000,"target_black_b":0.000000,"red_r":0.742308,"red_g":0.123885,"red_b":0.195896,"blue_r":0.455594,"blue_g":0.669745,"blue_b":0.770149,"green_r":0.394755,"green_g":0.721974,"green_b":0.478358}
